Numeric features,Application order,Age at enrollment,Curricular units 1st sem (credited),Curricular units 1st sem (enrolled),Curricular units 1st sem (evaluations),Curricular units 1st sem (approved),Curricular units 1st sem (grade),Curricular units 1st sem (without evaluations),Curricular units 2nd sem (credited),Curricular units 2nd sem (enrolled),Curricular units 2nd sem (evaluations),Curricular units 2nd sem (approved),Curricular units 2nd sem (grade),Curricular units 2nd sem (without evaluations),Unemployment rate,Inflation rate,GDP
MEAN,1.7278481012658229,23.265144665461122,0.7099909584086799,6.2705696202531644,8.299050632911392,4.706600361663653,10.640821575154185,0.13765822784810128,0.5418173598553345,6.232142857142857,8.063291139240507,4.435804701627487,10.230205722716985,0.15031645569620253,11.56613924050633,1.228028933092224,0.001968806509945778
MEDIAN,1.0,20.0,0.0,6.0,8.0,5.0,12.285714285714286,0.0,0.0,6.0,8.0,5.0,12.2,0.0,11.1,1.4,0.32
MIN,0,17,0,0,0,0,0.0,0,0,0,0,0,0.0,0,7.6,-0.8,-4.06
MAX,9,70,20,26,45,26,18.875,12,19,23,33,20,18.571428571428573,12,16.2,3.7,3.51
STANDARD_D,1.313793078362206,7.587815615029815,2.3605066191181976,2.480178175307158,4.179105569144036,3.094237979693975,4.843663380663813,0.6908801837297979,1.9185461437101994,2.1959507514632417,3.94795094143741,3.014763902385539,5.210807954644239,0.7537740685130098,2.6638504843026354,1.3827106915401126,2.2699354412537676
QUANTILE_5,1.0,18.0,0.0,4.0,0.0,0.0,0.0,0.0,0.0,5.0,0.0,0.0,0.0,0.0,7.6,-0.8,-4.06
QUANTILE_95,5.0,41.0,6.0,11.0,15.0,9.0,14.857142857142858,1.0,4.0,10.0,15.0,8.0,14.980261904761894,1.0,16.2,3.7,3.51
EMPTY,0,0,0,0,0,0,0,0,0,0,0,0,0,0,0,0,0
