{"Marital status": {"name": "Marital status", "Single": 0.8858499095840868, "Married": 0.08566907775768536, "Divorced": 0.020569620253164556, "Facto union": 0.005650994575045208, "Legally separated": 0.00135623869801085, "Widower": 0.0009041591320072332}, "Application mode": {"name": "Application mode", "1st phase general contingent": 0.3860759493670886, "2nd phase general contingent": 0.19710669077757687, "Over 23 years old": 0.17744122965641954, "Change in course": 0.0705244122965642, "Technological specialization diploma holders": 0.04814647377938517, "Holders of other higher courses": 0.03141952983725135, "3rd phase general contingent": 0.02802893309222423, "Transfer": 0.01740506329113924, "Change in institution/course": 0.01333634719710669, "1st phase special contingent (Madeira Island)": 0.008589511754068717, "Short cycle diploma holders": 0.007911392405063292, "International student (bachelor)": 0.006781193490054249, "1st phase special contingent (Azores Island)": 0.003616636528028933, "Ordinance No. 854-B/99": 0.0022603978300180833, "Ordinance No. 612/93": 0.000678119349005425, "Change in institution/course (International)": 0.0002260397830018083, "Ordinance No. 533-A/99, item b2) (Different Plan)": 0.0002260397830018083, "Ordinance No. 533-A/99, item b3 (Other Institution)": 0.0002260397830018083}, "Course": {"name": "Course", "Nursing": 0.17314647377938516, "Management": 0.08589511754068715, "Social Service": 0.08024412296564196, "Veterinary Nursing": 0.0761754068716094, "Journalism and Communication": 0.07481916817359856, "Advertising and Marketing Management": 0.06057866184448463, "Management (evening attendance)": 0.06057866184448463, "Tourism": 0.056962025316455694, "Communication Design": 0.05108499095840868, "Animation and Multimedia Design": 0.04859855334538879, "Social Service (evening attendance)": 0.04859855334538879, "Agronomy": 0.04746835443037975, "Basic Education": 0.0433996383363472, "Informatics Engineering": 0.03842676311030741, "Equiniculture": 0.03187160940325497, "Oral Hygiene": 0.019439421338155516, "Biofuel Production Technologies": 0.0027124773960217}, "Daytime/evening attendance": {"name": "Daytime/evening attendance", "Daytime": 0.8908227848101266, "Evening": 0.10917721518987342}, "Previous qualification": {"name": "Previous qualification", "Secondary education": 0.8401898734177216, "Technological specialization course": 0.04950271247739602, "Basic education 3rd cycle (9th/10th/11th year) or equivalent": 0.036618444846292945, "Higher education degree": 0.028481012658227847, "Other 11th year of schooling": 0.010171790235081375, "Higher education degree (1st cycle)": 0.009041591320072333, "Professional higher technical course": 0.0081374321880651, "Higher education bachelor's degree": 0.005198915009041591, "Frequency of higher education": 0.003616636528028933, "12th year of schooling not completed": 0.0024864376130198916, "Higher education master's degree": 0.0018083182640144665, "Basic education 2nd cycle (6th/7th/8th year) or equivalent": 0.0015822784810126582, "Higher education master's degree (2nd cycle)": 0.00135623869801085, "11th year of schooling not completed": 0.0009041591320072332, "10th year of schooling not completed": 0.0004520795660036166, "Higher education doctorate": 0.0002260397830018083, "10th year of schooling": 0.0002260397830018083}, "Nationality": {"name": "Nationality", "Portuguese": 0.9751356238698011, "Brazilian": 0.008589511754068717, "Santomean": 0.0031645569620253164, "Spanish": 0.002938517179023508, "Cape Verdean": 0.002938517179023508, "Guinean": 0.0011301989150090416, "Moldova (Republic of)": 0.000678119349005425, "Italian": 0.000678119349005425, "Ukrainian": 0.000678119349005425, "Romanian": 0.0004520795660036166, "Angolan": 0.0004520795660036166, "Mexican": 0.0004520795660036166, "Mozambican": 0.0004520795660036166, "German": 0.0004520795660036166, "Russian": 0.0004520795660036166, "Turkish": 0.0002260397830018083, "Dutch": 0.0002260397830018083, "Colombian": 0.0002260397830018083, "Cuban": 0.0002260397830018083, "English": 0.0002260397830018083, "Lithuanian": 0.0002260397830018083}, "Mother's qualification": {"name": "Mother's qualification", "Secondary Education\u201412th Year of Schooling or Equivalent": 0.2416365280289331, "General Course of Administration and Commerce": 0.2280741410488246, "General commerce course": 0.2154159132007233, "Supplementary Accounting and Administration": 0.12703435804701627, "Higher Education degree": 0.09900542495479205, "2nd cycle of the general high school course": 0.02938517179023508, "Higher Education bachelor's degree": 0.01876130198915009, "Higher Education master's degree": 0.011075949367088608, "Other\u201411th Year of Schooling": 0.00949367088607595, "Higher Education doctorate": 0.004746835443037975, "Cannot read or write": 0.002034358047016275, "12th Year of Schooling not completed": 0.0018083182640144665, "Unknown": 0.0018083182640144665, "Can read without having a 4th year of schooling": 0.00135623869801085, "Basic education 1st cycle (4th/5th year) or equivalent": 0.0009041591320072332, "Frequency of Higher Education": 0.0009041591320072332, "Basic Education 2nd Cycle (6th/7th/8th Year) or equivalent": 0.0009041591320072332, "7th year of schooling": 0.000678119349005425, "9th Year of Schooling\u2014not completed": 0.000678119349005425, "8th year of schooling": 0.000678119349005425, "7th Year (Old)": 0.000678119349005425, "Complementary High School Course\u2014not concluded": 0.000678119349005425, "11th Year of Schooling not completed": 0.000678119349005425, "2nd year complementary high school course": 0.0004520795660036166, "10th Year of Schooling": 0.0002260397830018083, "Basic Education 3rd Cycle (9th/10th/11th Year) or Equivalent": 0.0002260397830018083, "Technical-professional course": 0.0002260397830018083, "Complementary High School Course": 0.0002260397830018083, "Technological specialization course": 0.0002260397830018083}, "Father's qualification": {"name": "Father's qualification", "Basic education 1st cycle (4th/5th year) or equivalent": 0.27328209764918626, "Basic Education 3rd Cycle (9th/10th/11th Year) or Equivalent": 0.21880650994575046, "Secondary Education\u201412th Year of Schooling or Equivalent": 0.20433996383363473, "Basic Education 2nd Cycle (6th/7th/8th Year) or equivalent": 0.15867992766726943, "Higher Education degree": 0.06374321880650995, "Unknown": 0.02531645569620253, "Higher Education bachelor's degree": 0.015370705244122965, "Higher Education master's degree": 0.008815551537070525, "Other\u201411th Year of Schooling": 0.008589511754068717, "Technological specialization course": 0.0045207956600361665, "Higher Education doctorate": 0.00406871609403255, "7th Year (Old)": 0.0022603978300180833, "Can read without having a 4th year of schooling": 0.0018083182640144665, "12th Year of Schooling not completed": 0.0011301989150090416, "Higher education\u2014degree (1st cycle)": 0.0011301989150090416, "10th Year of Schooling": 0.0009041591320072332, "8th year of schooling": 0.0009041591320072332, "Technical-professional course": 0.0009041591320072332, "9th Year of Schooling\u2014not completed": 0.000678119349005425, "7th year of schooling": 0.0004520795660036166, "Higher Education\u2014master's degree (2nd cycle)": 0.0004520795660036166, "Specialized higher studies course": 0.0004520795660036166, "11th Year of Schooling not completed": 0.0004520795660036166, "Frequency of Higher Education": 0.0004520795660036166, "Cannot read or write": 0.0004520795660036166, "Complementary High School Course": 0.0002260397830018083, "Professional higher technical course": 0.0002260397830018083, "General commerce course": 0.0002260397830018083, "2nd year complementary high school course": 0.0002260397830018083, "Complementary High School Course\u2014not concluded": 0.0002260397830018083, "Higher Education\u2014doctorate (3rd cycle)": 0.0002260397830018083, "Supplementary Accounting and Administration": 0.0002260397830018083,